Score;m/z;Charge;M+H+;Calculated Mass;Deviation in ppm;Peptide 1;Protein 1;From;To;Peptide2;Protein 2;From;To;Scan number;is Selected in Table;Candidate identifier;Folder Number;Retention time in sec;miscellaneous;best linkage position peptide 1;best linkage position peptide 2;All linkage positions;Spectrum UUID;local False discovery rate;shortest distance in pdb;Light/Heavy(1/2);pepScore1;pepScore2;xLinkScore;resultId;MS1intensity;finalScoreComponent
85;616.12299;5;3076.58584447;3076.58911611;-1.0633995490551527;[SNVPALEABPQKR];>sg|P0A7S3|RS12_ECOLI 30S ribosomal protein S12 OS=Escherichia coli  strain K12  GN=rpsL PE=1 SV=2;19;31;[SNVPALEABPQKR];>sg|P0A7S3|RS12_ECOLI 30S ribosomal protein S12 OS=Escherichia coli  strain K12  GN=rpsL PE=1 SV=2;19;31;10422~20210531_QExHFX2_RSLC3_ADH_acidic-lib_sep_rep2;false;181;0;2070;;E7;E7;85.3097058353422~E7~E7~1~100;2521e702-9dc7-4d84-beb8-2af465f1a12d;0.0;;1;16.026225636612928;16.026225636612928;102.85493941360286;ccea9d4c-a834-469d-8746-9f3bfda8d84f;0.0;0.8294176859342911
78;616.12451;5;3076.59344448;3076.58911611;1.4068709689063865;[SNVPALEABPQKR];>sg|P0A7S3|RS12_ECOLI 30S ribosomal protein S12 OS=Escherichia coli  strain K12  GN=rpsL PE=1 SV=2;19;31;[SNVPALEABPQKR];>sg|P0A7S3|RS12_ECOLI 30S ribosomal protein S12 OS=Escherichia coli  strain K12  GN=rpsL PE=1 SV=2;19;31;10662~20210531_QExHFX2_RSLC3_ADH_acidic-lib_sep_rep2;false;188;0;2102;;E7;E7;78.96361759072774~E7~E7~1~100;9ee4e884-4c7e-4e7d-9dc6-f940abf8733e;0.0;;1;10.954875948489851;10.954875948489851;94.6939021826071;cd642eda-d684-44ab-bc16-69484da11ee6;0.0;0.8338828136837662
83;769.90448;4;3076.59609086;3076.58911611;2.2670346688909584;[SNVPALEABPQKR];>sg|P0A7S3|RS12_ECOLI 30S ribosomal protein S12 OS=Escherichia coli  strain K12  GN=rpsL PE=1 SV=2;19;31;[SNVPALEABPQKR];>sg|P0A7S3|RS12_ECOLI 30S ribosomal protein S12 OS=Escherichia coli  strain K12  GN=rpsL PE=1 SV=2;19;31;10663~20210531_QExHFX2_RSLC3_ADH_acidic-lib_sep_rep2;false;189;0;2102;;E7;E7;83.7667225445753~E7~E7~1~100;78baa826-5c22-45a8-9dbe-48acf7ceb055;0.0;;1;13.726496874170483;13.726496874170483;99.37023567379565;94a445a2-7c05-4089-9d85-415b57ccdd75;0.0;0.8429759874934557
108;464.77115;4;1856.06277086;1856.05998681;1.4999762096707847;[SELVNVAK];>sg|P0A850|TIG_ECOLI Trigger factor OS=Escherichia coli  strain K12  GN=tig PE=1 SV=1;30;37;[SELVNVAK];>sg|P0A850|TIG_ECOLI Trigger factor OS=Escherichia coli  strain K12  GN=tig PE=1 SV=1;30;37;12432~20210531_QExHFX2_RSLC3_ADH_acidic-lib_sep_rep2;false;197;0;2343;;E2;E2;108.87647333293333~E2~E2~1~100;db80ed0c-b3a1-4254-885c-12ccd63e2276;0.0;;1;23.18257905542494;23.18257905542494;145.79047268937344;f39e3400-2eb0-40e6-9f57-2bae5cc083d6;0.0;0.7468010174087957
69;589.00769;3;1765.00851724;1765.00789168;0.35442321879990407;[AAALAAADAR];>sg|P0A9Q7|ADHE_ECOLI Aldehyde-alcohol dehydrogenase OS=Escherichia coli  strain K12  GN=adhE PE=1 SV=2;37;46;[AELGIPK];>sg|P0A9Q7|ADHE_ECOLI Aldehyde-alcohol dehydrogenase OS=Escherichia coli  strain K12  GN=adhE PE=1 SV=2;807;813;12513~20210531_QExHFX2_RSLC3_ADH_acidic-lib_sep_rep2;false;198;0;2355;;D8;E2;69.09286839321872~D8~E2~1~100;f8843a27-19c0-4d1d-94cd-5f5ce9d262ce;0.0;;1;10.43655016587594;10.698777120718741;84.70682738729415;0b439f3b-b6a9-47c7-9c42-ae26c688c418;0.0;0.8156705961529437
75;486.5238;4;1943.07337086;1943.07425713;-0.4561176192320862;[ALSMDAVQK];>sg|P27302|TKT1_ECOLI Transketolase 1 OS=Escherichia coli  strain K12  GN=tktA PE=1 SV=5;13;21;[VLDAAVAGK];>sg|P0A6P1|EFTS_ECOLI Elongation factor Ts OS=Escherichia coli  strain K12  GN=tsf PE=1 SV=2;96;104;12625~20210531_QExHFX2_RSLC3_ADH_acidic-lib_sep_rep2;false;199;0;2370;;D5;D3;75.92179160791737~D5~D3~1~100;7d6a22c9-0db0-46fe-b905-4e56382af83c;0.0;;1;13.534086827442826;19.973366633357603;109.90574826333955;1da3767b-dd09-4127-87fa-192729a37041;0.0;0.6907899978625781
72;651.35773;3;1952.05863723;1952.06719743;-4.385216630733123;[VPNGKNLDAGK];>sg|P0A9P0|DLDH_ECOLI Dihydrolipoyl dehydrogenase OS=Escherichia coli  strain K12  GN=lpdA PE=1 SV=2;274;284;[DAAAAVGK];>sg|P0C018|RL18_ECOLI 50S ribosomal protein L18 OS=Escherichia coli  strain K12  GN=rplR PE=1 SV=1;69;76;13019~20210531_QExHFX2_RSLC3_ADH_acidic-lib_sep_rep2;false;201;0;2420;;D8;D1;72.47344903892669~D8~D1~1~100;fe4ffaa5-efbc-4e16-939a-dfcb3b0c816d;0.0;;1;10.730892207887994;16.952707069881722;107.91502470234454;4f12fe97-0442-423c-8a3b-125dea721e45;0.0;0.6715788578914363
77;472.66177;5;2359.27974448;2359.28359836;-1.6334985323246942;[AVTDKPSLLMBK];>sg|P27302|TKT1_ECOLI Transketolase 1 OS=Escherichia coli  strain K12  GN=tktA PE=1 SV=5;233;244;[SELVNVAK];>sg|P0A850|TIG_ECOLI Trigger factor OS=Escherichia coli  strain K12  GN=tig PE=1 SV=1;30;37;13720~20210531_QExHFX2_RSLC3_ADH_acidic-lib_sep_rep2;false;206;0;2517;;D4;E2;77.33415647900628~D4~E2~1~100;e24e7f49-661e-4f4a-9775-79b7a026a4e6;0.0;;1;21.264766344152754;19.058294745340017;108.94629676618888;7e142120-91f1-45ee-b317-31c4efdfc1e2;0.0;0.709837404064997
108;688.02972;3;2062.07460724;2062.07835669;-1.8182901756293464;[ALSMDAVQK];>sg|P27302|TKT1_ECOLI Transketolase 1 OS=Escherichia coli  strain K12  GN=tktA PE=1 SV=5;13;21;[ALSMDAVQK];>sg|P27302|TKT1_ECOLI Transketolase 1 OS=Escherichia coli  strain K12  GN=tktA PE=1 SV=5;13;21;14455~20210531_QExHFX2_RSLC3_ADH_acidic-lib_sep_rep2;false;229;0;2628;;D5;D5;108.38008306214044~D5~D5~1~100;1abec4c5-9328-4505-a60d-ff3d04185e47;0.0;;1;21.937014376969884;21.937014376969884;130.86010353827282;e2495acc-3058-4766-be4f-bfa5467914c6;0.0;0.8282133372333943
109;573.30695;5;2862.50564448;2862.50720991;-0.5468740308151322;[AVTDKPSLLMBK];>sg|P27302|TKT1_ECOLI Transketolase 1 OS=Escherichia coli  strain K12  GN=tktA PE=1 SV=5;233;244;[AVTDKPSLLMBK];>sg|P27302|TKT1_ECOLI Transketolase 1 OS=Escherichia coli  strain K12  GN=tktA PE=1 SV=5;233;244;15032~20210531_QExHFX2_RSLC3_ADH_acidic-lib_sep_rep2;false;235;0;2702;;D4;D4;109.56505963467289~D4~D4~1~100;e83dbca9-d961-4fa2-b248-cf7ac8d8d4ab;0.0;;1;54.51653991980781;54.51653991980781;126.15120590662625;ceca987b-9cfd-4f3f-9b65-c2f4d0ef65bc;0.0;0.8685216986016766
63;531.323;3;1591.95444724;1591.95300261;0.9074568700305115;[AELGIPK];>sg|P0A9Q7|ADHE_ECOLI Aldehyde-alcohol dehydrogenase OS=Escherichia coli  strain K12  GN=adhE PE=1 SV=2;807;813;[AELGIPK];>sg|P0A9Q7|ADHE_ECOLI Aldehyde-alcohol dehydrogenase OS=Escherichia coli  strain K12  GN=adhE PE=1 SV=2;807;813;16502~20210531_QExHFX2_RSLC3_ADH_acidic-lib_sep_rep2;false;261;0;2914;;E2;E2;63.29077998993591~E2~E2~1~100;405697e4-00b8-4cd8-bfcb-b3a7cffb0a38;0.0;;1;24.370107409843882;24.370107409843882;162.56792499495137;6801c387-a857-4611-94a7-305676c9727e;0.0;0.38931898769023127
121;531.32294;3;1591.95426724;1591.95300261;0.7943883979253904;[AELGIPK];>sg|P0A9Q7|ADHE_ECOLI Aldehyde-alcohol dehydrogenase OS=Escherichia coli  strain K12  GN=adhE PE=1 SV=2;807;813;[AELGIPK];>sg|P0A9Q7|ADHE_ECOLI Aldehyde-alcohol dehydrogenase OS=Escherichia coli  strain K12  GN=adhE PE=1 SV=2;807;813;16566~20210531_QExHFX2_RSLC3_ADH_acidic-lib_sep_rep2;false;262;0;2923;;E2;E2;121.53723487859885~E2~E2~1~100;427b8eb4-1d6c-4a66-9335-c20541f84528;0.0;;1;38.34887833178758;38.34887833178758;138.05219127526246;451a35de-a4e6-48d8-b936-1f832627a6f6;0.0;0.8803716460846723
102;636.72571;3;1908.16257724;1908.16405793;-0.7759768572874778;[AVQDVILK];>sg|P0A9Q7|ADHE_ECOLI Aldehyde-alcohol dehydrogenase OS=Escherichia coli  strain K12  GN=adhE PE=1 SV=2;281;288;[AVQDVILK];>sg|P0A9Q7|ADHE_ECOLI Aldehyde-alcohol dehydrogenase OS=Escherichia coli  strain K12  GN=adhE PE=1 SV=2;281;288;16765~20210531_QExHFX2_RSLC3_ADH_acidic-lib_sep_rep2;false;263;0;2950;;D4;D4;102.15905725402723~D4~D4~1~100;456b689a-199f-4f82-af68-c31cbb438da6;0.0;;1;17.211841691056136;17.211841691056136;133.66182049021543;dce03072-301a-427b-8b72-1457dfbfefc8;0.0;0.7643099344251837
58;477.79639;4;1908.16373086;1908.16405793;-0.17140562658354605;[AVQDVILK];>sg|P0A9Q7|ADHE_ECOLI Aldehyde-alcohol dehydrogenase OS=Escherichia coli  strain K12  GN=adhE PE=1 SV=2;281;288;[AVQDVILK];>sg|P0A9Q7|ADHE_ECOLI Aldehyde-alcohol dehydrogenase OS=Escherichia coli  strain K12  GN=adhE PE=1 SV=2;281;288;16792~20210531_QExHFX2_RSLC3_ADH_acidic-lib_sep_rep2;false;264;0;2954;;D4;D4;58.664334006539804~D4~D4~1~100;ddfbd2e5-8986-4ca6-adb4-4faa58a3615b;0.0;;1;13.200494125335151;13.200494125335151;94.1048082913378;edc40182-1891-4bcc-b8df-805e9bf299a6;0.0;0.6233935871259807
68;533.2981;5;2662.46139448;2662.46098532;0.15367734560899415;[SNVPALEABPQKR];>sg|P0A7S3|RS12_ECOLI 30S ribosomal protein S12 OS=Escherichia coli  strain K12  GN=rpsL PE=1 SV=2;19;31;[LPVEFVPVR];>sg|P00864|CAPP_ECOLI Phosphoenolpyruvate carboxylase OS=Escherichia coli  strain K12  GN=ppc PE=1 SV=1;236;244;18683~20210531_QExHFX2_RSLC3_ADH_acidic-lib_sep_rep2;false;289;0;3221;;E7;E4;68.3958111782103~E7~E4~1~100;1e7bd13c-fe74-4245-81ee-e7aa3125eae8;0.0;;1;12.589720110252864;16.88531967286179;85.57774753466477;0b609b54-a1f4-4bb7-8c5a-ddf9a3ca343d;0.0;0.7992242510298062
114;480.79141;4;1920.14381086;1920.14292857;0.45949162502611174;[LPVEFVPVR];>sg|P00864|CAPP_ECOLI Phosphoenolpyruvate carboxylase OS=Escherichia coli  strain K12  GN=ppc PE=1 SV=1;236;244;[AELGIPK];>sg|P0A9Q7|ADHE_ECOLI Aldehyde-alcohol dehydrogenase OS=Escherichia coli  strain K12  GN=adhE PE=1 SV=2;807;813;23021~20210531_QExHFX2_RSLC3_ADH_acidic-lib_sep_rep2;false;335;0;3787;;E4;E2;114.55066823690218~E4~E2~1~100;4f449f26-7cea-4cd5-aa75-fa35508ad376;0.0;;1;20.900604588334286;26.247278538391765;130.5526296859166;1a884ae7-ab7b-4ce1-b911-646885757222;0.0;0.8774290377182603
109;376.2048;4;1501.79737086;1501.79689593;0.31624106508955013;[TGDTISGK];>sg|P0AG30|RHO_ECOLI Transcription termination factor Rho OS=Escherichia coli  strain K12  GN=rho PE=1 SV=1;93;100;[EAAPAK];>sg|P0A9Q7|ADHE_ECOLI Aldehyde-alcohol dehydrogenase OS=Escherichia coli  strain K12  GN=adhE PE=1 SV=2;877;882;2878~20210531_QExHFX2_RSLC3_ADH_acidic-lib_sep_rep2;false;4;0;794;;D3;E1;109.25452851628334~D3~E1~1~100;66a835f5-84af-4308-a822-15c88135d6ae;0.0;;1;85.66304710938353;42.85688024996371;128.78132368166632;e799da40-ff6f-454a-8b22-a0b4019b816f;0.0;0.8483724611058423
72;525.24518;3;1573.72098724;1573.72050349;0.30739248188208307;{MTEAmK];>sg|P37095|PEPB_ECOLI Peptidase B OS=Escherichia coli  strain K12  GN=pepB PE=3 SV=2;0;6;{MTEAMK];>sg|P37095|PEPB_ECOLI Peptidase B OS=Escherichia coli  strain K12  GN=pepB PE=3 SV=2;0;6;3517~20210531_QExHFX2_RSLC3_ADH_acidic-lib_sep_rep2;false;20;0;943;;E3;E3;72.2384861054827~E3~E3~1~100;1d2b4b45-78d2-4527-bb70-6014056b5468;0.0;;1;29.121442452857917;40.77919125851585;86.26114305298802;a538eadf-ba1f-42c9-bea7-1160102bfef2;0.0;0.8374394721515392
139;565.2959;3;1693.87314723;1693.87151739;0.9621972003884153;[TGDTISGK];>sg|P0AG30|RHO_ECOLI Transcription termination factor Rho OS=Escherichia coli  strain K12  GN=rho PE=1 SV=1;93;100;[TGDTISGK];>sg|P0AG30|RHO_ECOLI Transcription termination factor Rho OS=Escherichia coli  strain K12  GN=rho PE=1 SV=1;93;100;4026~20210531_QExHFX2_RSLC3_ADH_acidic-lib_sep_rep2;false;43;0;1042;;D3;D3;139.8822546374168~D3~D3~1~100;40847c23-c439-4197-bafd-89c1cdfc8d71;0.0;;1;75.74373308621757;75.74373308621757;163.61530356984596;ba64b216-6eb4-401b-9345-679bf773624e;0.0;0.8549460324639024
123;424.22311;4;1693.87061086;1693.87151739;-0.5351825542361995;[TGDTISGK];>sg|P0AG30|RHO_ECOLI Transcription termination factor Rho OS=Escherichia coli  strain K12  GN=rho PE=1 SV=1;93;100;[TGDTISGK];>sg|P0AG30|RHO_ECOLI Transcription termination factor Rho OS=Escherichia coli  strain K12  GN=rho PE=1 SV=1;93;100;4237~20210531_QExHFX2_RSLC3_ADH_acidic-lib_sep_rep2;false;48;0;1079;;D3;D3;123.82856786782624~D3~D3~1~100;518f9ffd-7173-40b6-9e35-498634ce7879;0.0;;1;70.20969524953503;70.20969524953503;144.88380020741212;431eadbf-bd1b-4c17-ad54-cd1f12f4ead9;0.0;0.8546750408986807
140;565.29657;3;1693.87515724;1693.87151739;2.148830145091859;[TGDTISGK];>sg|P0AG30|RHO_ECOLI Transcription termination factor Rho OS=Escherichia coli  strain K12  GN=rho PE=1 SV=1;93;100;[TGDTISGK];>sg|P0AG30|RHO_ECOLI Transcription termination factor Rho OS=Escherichia coli  strain K12  GN=rho PE=1 SV=1;93;100;4368~20210531_QExHFX2_RSLC3_ADH_acidic-lib_sep_rep2;false;50;0;1103;;D3;D3;140.0257750707237~D3~D3~1~100;b3c38aaf-47a9-4bff-b37e-3b9edd2ee6f7;0.0;;1;66.70671013084561;66.70671013084561;164.10375652773155;a18f9841-428a-401c-ad33-ebbeff7b8362;0.0;0.8532758666439244
91;565.29553;3;1693.87203724;1693.87151739;0.30690039661620944;[TGDTISGK];>sg|P0AG30|RHO_ECOLI Transcription termination factor Rho OS=Escherichia coli  strain K12  GN=rho PE=1 SV=1;93;100;[TGDTISGK];>sg|P0AG30|RHO_ECOLI Transcription termination factor Rho OS=Escherichia coli  strain K12  GN=rho PE=1 SV=1;93;100;4613~20210531_QExHFX2_RSLC3_ADH_acidic-lib_sep_rep2;false;54;0;1145;;D3;D3;91.2911153522644~D3~D3~1~100;08e4096d-cf1e-4b7a-8cb5-a7afda501df4;0.0;;1;63.656600783957494;63.656600783957494;107.16117119287395;1a8170fe-6e66-456a-a231-8385693a1be6;0.0;0.8519047929025911
68;523.9538;3;1569.84684724;1569.84557743;0.8088750836887356;[AGNDANR];>sg|P00864|CAPP_ECOLI Phosphoenolpyruvate carboxylase OS=Escherichia coli  strain K12  GN=ppc PE=1 SV=1;47;53;[IDGLGIK];>sg|P37095|PEPB_ECOLI Peptidase B OS=Escherichia coli  strain K12  GN=pepB PE=3 SV=2;51;57;6263~20210531_QExHFX2_RSLC3_ADH_acidic-lib_sep_rep2;false;117;0;1432;;D4;D2;68.84186042938448~D4~D2~1~100;572a5e68-835c-4d2d-9eed-63a7933e88b5;0.0;;1;11.228135508300463;30.696730743658442;81.20711412102881;1f8f6e8e-272e-4357-a920-eba6a82bb153;0.0;0.8477318911589999
97;518.00641;4;2069.00381085;2069.00534269;-0.7403756300809101;[GTGNMELHLSR];>sg|P0AG30|RHO_ECOLI Transcription termination factor Rho OS=Escherichia coli  strain K12  GN=rho PE=1 SV=1;337;347;[AGNDANR];>sg|P00864|CAPP_ECOLI Phosphoenolpyruvate carboxylase OS=Escherichia coli  strain K12  GN=ppc PE=1 SV=1;47;53;6680~20210531_QExHFX2_RSLC3_ADH_acidic-lib_sep_rep2;false;130;0;1502;;E6;D4;97.96268544412628~E6~D4~1~100;c2e35dfa-3a72-45d1-be1f-5d8bec0a8323;0.0;;1;20.852968286166025;10.148247349010568;113.29093679523974;41730478-3287-4605-a7a8-6bc5f1dbf0db;0.0;0.8647001094287224
81;708.01239;3;2122.02261724;2122.02019036;1.1436635877892454;[AGNVAADGVIK];>sg|P0A6P1|EFTS_ECOLI Elongation factor Ts OS=Escherichia coli  strain K12  GN=tsf PE=1 SV=2;53;63;[TGAGMMDBK];>sg|P0A6P1|EFTS_ECOLI Elongation factor Ts OS=Escherichia coli  strain K12  GN=tsf PE=1 SV=2;16;24;9722~20210531_QExHFX2_RSLC3_ADH_acidic-lib_sep_rep2;false;162;0;1972;;D7;D7;81.8370143815787~D7~D7~1~100;43494202-f4d9-48d3-9f29-43c41eece8dd;0.0;;1;36.42057352655316;19.53609443287179;92.95884199014412;e730ff36-f703-4a78-815b-0924b8a3e4e3;0.0;0.8803575069303832
